﻿<?xml version="1.0" encoding="utf-8"?>
<UpdateData xmlns="UpdateToolDeviceName" xmlns:xsd="DeviceNameSchema">
  <ModelDataList>
    <ModelData>
      <ID >1</ID>
      <Name>LJ-V7000</Name>
      <DeviceDataList>
        <DeviceData>
          <ID>0</ID>
          <Name >Controller</Name>
          <DeviceTypes>
            <DeviceTypeData>
              <ID>0</ID>
              <Name >Controller</Name>
            </DeviceTypeData>
          </DeviceTypes>
        </DeviceData>
        <DeviceData>
          <ID>1</ID>
          <Name>Head</Name>
          <DeviceTypes>
            <DeviceTypeData>
              <ID>1</ID>
              <Name>Head A</Name>
            </DeviceTypeData>
            <DeviceTypeData>
              <ID>2</ID>
              <Name>Head B</Name>
            </DeviceTypeData>
          </DeviceTypes>
        </DeviceData>
        <DeviceData>
          <ID>2</ID>
          <Name>Display unit</Name>
          <DeviceTypes>
            <DeviceTypeData>
              <ID>145</ID>
              <Name>Display unit</Name>
            </DeviceTypeData>
          </DeviceTypes>
        </DeviceData>
      </DeviceDataList>
    </ModelData>
    <ModelData>
      <ID>255</ID>
      <Name>CB-XXX</Name>
      <DeviceDataList>
        <DeviceData>
          <ID>0</ID>
          <Name >Extend Unit(EtherNet/IP)</Name>
          <DeviceTypes>
            <DeviceTypeData>
              <ID>129</ID>
              <Name >CB-EP100</Name>
            </DeviceTypeData>
          </DeviceTypes>
        </DeviceData>
      </DeviceDataList>
    </ModelData>
  </ModelDataList>
</UpdateData>