﻿<?xml version="1.0" encoding="utf-8"?>
<UpdateData xmlns="UpdateToolDeviceName" xmlns:xsd="DeviceNameSchema">
  <ModelDataList>
    <ModelData>
      <ID >1</ID>
      <Name>LJ-V7000</Name>
      <DeviceDataList>
        <DeviceData>
          <ID>0</ID>
          <Name >コントローラ</Name>
          <DeviceTypes>
            <DeviceTypeData>
              <ID>0</ID>
              <Name >コントローラ</Name>
            </DeviceTypeData>
          </DeviceTypes>
        </DeviceData>
        <DeviceData>
          <ID>1</ID>
          <Name>ヘッド</Name>
          <DeviceTypes>
            <DeviceTypeData>
              <ID>1</ID>
              <Name>ヘッドA</Name>
            </DeviceTypeData>
            <DeviceTypeData>
              <ID>2</ID>
              <Name>ヘッドB</Name>
            </DeviceTypeData>
          </DeviceTypes>
        </DeviceData>
        <DeviceData>
          <ID>2</ID>
          <Name>表示ユニット</Name>
          <DeviceTypes>
            <DeviceTypeData>
              <ID>145</ID>
              <Name >表示ユニット</Name>
            </DeviceTypeData>
          </DeviceTypes>
        </DeviceData>
      </DeviceDataList>
    </ModelData>
    <ModelData>
      <ID>255</ID>
      <Name>CB-XXX</Name>
      <DeviceDataList>
        <DeviceData>
          <ID>0</ID>
          <Name >拡張ユニット（EtherNet/IP）</Name>
        </DeviceData>
      </DeviceDataList>
    </ModelData>
  </ModelDataList>
</UpdateData>