﻿<?xml version="1.0" encoding="utf-8"?>
<UpdateData xmlns="UpdateToolUpdate" xmlns:xsd="UpdateSchema">
  <LogEnabled>false</LogEnabled>
  <ModelDataList>
    <ModelData>
      <ID>1</ID>
      <ApplicationMutexName>LJ-Navigator 2</ApplicationMutexName>
      <ApplicationProcessName>LJ-Navigator2</ApplicationProcessName>
      <CommunicationData>
        <UpdateCommandCode>18</UpdateCommandCode>
        <ReOpenIntervalMilliSecond >10000</ReOpenIntervalMilliSecond>
        <ReOpenRetryTimes >5</ReOpenRetryTimes>
        <ControllerTypeID>0</ControllerTypeID>
        <PcApplicationTypeID>240</PcApplicationTypeID>
        <USB>
          <ConnectionTimeoutMilliSecond >60000</ConnectionTimeoutMilliSecond>
          <WriteTimeoutMilliSecond>60000</WriteTimeoutMilliSecond>
          <DriverGuid>6C82DB39-F62A-4E62-84BF-72717E7FCA4B</DriverGuid>
          <DeviceMutexName>LJ-NAVIGATOR2 USB MUTEX NAME</DeviceMutexName>
        </USB>
      </CommunicationData>
      <DeviceDataList>
        <DeviceData>
          <ID>0</ID>
          <Endianess>Little</Endianess>
          <SendBytes >64512</SendBytes>
          <FastConnectionAvailable>false</FastConnectionAvailable>
          <OptionalChack>true</OptionalChack>
          <DeviceTypes>
            <DeviceTypeData>
              <ID>0</ID>
            </DeviceTypeData>
          </DeviceTypes>
          <ProgramTypes>
            <ProgramTypeData>
              <ID>0</ID>
            </ProgramTypeData>
            <ProgramTypeData>
              <ID>1</ID>
            </ProgramTypeData>
            <ProgramTypeData>
              <ID>2</ID>
            </ProgramTypeData>
            <ProgramTypeData>
              <ID>3</ID>
            </ProgramTypeData>
            <ProgramTypeData>
              <ID>4</ID>
            </ProgramTypeData>
          </ProgramTypes>
        </DeviceData>
        <DeviceData>
          <ID>1</ID>
          <Endianess>Big</Endianess>
          <SendBytes >7168</SendBytes>
          <FastConnectionAvailable>false</FastConnectionAvailable>
          <OptionalChack>true</OptionalChack>
          <DeviceTypes>
            <DeviceTypeData>
              <ID>1</ID>
            </DeviceTypeData>
            <DeviceTypeData>
              <ID>2</ID>
            </DeviceTypeData>
          </DeviceTypes>
          <ProgramTypes>
            <ProgramTypeData>
              <ID>0</ID>
            </ProgramTypeData>
            <ProgramTypeData>
              <ID>1</ID>
            </ProgramTypeData>
          </ProgramTypes>
        </DeviceData>
        <DeviceData>
          <ID>2</ID>
          <Endianess>Little</Endianess>
          <SendBytes >7168</SendBytes>
          <FastConnectionAvailable>true</FastConnectionAvailable>
          <DeviceTypes>
            <DeviceTypeData>
              <ID>145</ID>
            </DeviceTypeData>
          </DeviceTypes>
          <ProgramTypes>
            <ProgramTypeData>
              <ID>0</ID>
            </ProgramTypeData>
            <ProgramTypeData>
              <ID>1</ID>
            </ProgramTypeData>
            <ProgramTypeData>
              <ID>2</ID>
            </ProgramTypeData>
            <ProgramTypeData>
              <ID>3</ID>
            </ProgramTypeData>
          </ProgramTypes>
        </DeviceData>
      </DeviceDataList>
    </ModelData>
    <ModelData>
      <ID>255</ID>
      <Name>CB-XXX</Name>
      <ApplicationMutexName></ApplicationMutexName>
      <ApplicationProcessName></ApplicationProcessName>
      <DeviceDataList>
        <DeviceData>
          <ID>0</ID>
          <Endianess>Big</Endianess>
          <SendBytes >7168</SendBytes>
          <FastConnectionAvailable>true</FastConnectionAvailable>
          <DeviceTypes>
            <DeviceTypeData>
              <ID>129</ID>
            </DeviceTypeData>
          </DeviceTypes>
          <ProgramTypes>
            <ProgramTypeData>
              <ID>0</ID>
            </ProgramTypeData>
            <ProgramTypeData>
              <ID>1</ID>
            </ProgramTypeData>
          </ProgramTypes>
        </DeviceData>
      </DeviceDataList>
    </ModelData>
  </ModelDataList>
</UpdateData>